{
    "Agent": {
        "total": 0.3791680010035634
    },
    "Env": {
        "apply_act": 0.40645779739134014,
        "observation_computation": 0.2346415021456778,
        "powerflow_computation": 0.11661639786325395,
        "total": 0.7577156974002719
    },
    "total": 1.3209029999561608
}