{
    "Agent": {
        "total": 0.1331279983278364
    },
    "Env": {
        "apply_act": 0.32502339966595173,
        "observation_computation": 0.1818157008383423,
        "powerflow_computation": 0.09286099835298955,
        "total": 0.5997000988572836
    },
    "total": 0.87156209978275
}