{
    "Agent": {
        "total": 0.4778942975681275
    },
    "Env": {
        "apply_act": 0.5345509937033057,
        "observation_computation": 0.3766588941216469,
        "powerflow_computation": 0.20778400101698935,
        "total": 1.118993888841942
    },
    "total": 1.903586400207132
}