{
    "Agent": {
        "total": 0.04824551500041707
    },
    "Env": {
        "apply_act": 0.5772065690005093,
        "observation_computation": 0.4656310319981003,
        "powerflow_computation": 0.25263814000140883,
        "total": 1.2954757410000184
    },
    "total": 1.732425610000064
}