{
    "Agent": {
        "total": 0.06035034399883443
    },
    "Env": {
        "apply_act": 0.7224171249993105,
        "observation_computation": 0.5553558899994187,
        "powerflow_computation": 0.28528779099679014,
        "total": 1.5630608059955193
    },
    "total": 2.115555656999959
}