{
    "Agent": {
        "total": 0.19306799792684615
    },
    "Env": {
        "apply_act": 0.2315292980056256,
        "observation_computation": 0.1563333016820252,
        "powerflow_computation": 0.08978920034132898,
        "total": 0.4776518000289798
    },
    "total": 0.8048801999539137
}