{
    "Agent": {
        "total": 0.3862595008686185
    },
    "Env": {
        "apply_act": 0.4233639014419168,
        "observation_computation": 0.2419385036919266,
        "powerflow_computation": 0.12130059511400759,
        "total": 0.786603000247851
    },
    "total": 1.3619672001805156
}