{
    "Agent": {
        "total": 0.00011306299984426005
    },
    "Env": {
        "apply_act": 0.003532177999659325,
        "observation_computation": 0.0013638509999509552,
        "powerflow_computation": 0.0014425259998915863,
        "total": 0.006338554999501866
    },
    "total": 0.008224076000033165
}