{
    "Agent": {
        "total": 0.6727999020367861
    },
    "Env": {
        "apply_act": 0.43305900203995407,
        "observation_computation": 0.24917089962400496,
        "powerflow_computation": 0.12637999397702515,
        "total": 0.8086098956409842
    },
    "total": 1.6774351000785828
}