{
    "Agent": {
        "total": 0.20823850412853062
    },
    "Env": {
        "apply_act": 0.5174180008471012,
        "observation_computation": 0.2881975988857448,
        "powerflow_computation": 0.14542349893599749,
        "total": 0.9510390986688435
    },
    "total": 1.3781020001042634
}