{
    "Agent": {
        "total": 0.001702399691566825
    },
    "Env": {
        "apply_act": 0.0034757000394165516,
        "observation_computation": 0.001584300072863698,
        "powerflow_computation": 0.002024299930781126,
        "total": 0.007084300043061376
    },
    "total": 0.010615699924528599
}