{
    "Agent": {
        "total": 0.00018598700034999638
    },
    "Env": {
        "apply_act": 0.010049934999642574,
        "observation_computation": 0.0027084910000212403,
        "powerflow_computation": 0.0026084189998982765,
        "total": 0.01536684499956209
    },
    "total": 0.018901038999956654
}