{
    "Agent": {
        "total": 0.8806147989816964
    },
    "Env": {
        "apply_act": 0.6934879994951189,
        "observation_computation": 0.3872183016501367,
        "powerflow_computation": 0.19087589345872402,
        "total": 1.2715821946039796
    },
    "total": 2.4501316000241786
}