{
    "Agent": {
        "total": 0.4064549021422863
    },
    "Env": {
        "apply_act": 0.6262268971186131,
        "observation_computation": 0.3640713971108198,
        "powerflow_computation": 0.17974570230580866,
        "total": 1.1700439965352416
    },
    "total": 1.9036042999941856
}