{
    "Agent": {
        "total": 0.40566450054757297
    },
    "Env": {
        "apply_act": 0.6465227955486625,
        "observation_computation": 0.35892529343254864,
        "powerflow_computation": 0.17974539566785097,
        "total": 1.1851934846490622
    },
    "total": 1.8632010000292212
}