{
    "Agent": {
        "total": 0.04153991999532991
    },
    "Env": {
        "apply_act": 0.5120090349962538,
        "observation_computation": 0.3709494810000251,
        "powerflow_computation": 0.20697220599640787,
        "total": 1.0899307219926868
    },
    "total": 1.4657733779999944
}