{
    "Agent": {
        "total": 0.24281689687632024
    },
    "Env": {
        "apply_act": 0.32962149707600474,
        "observation_computation": 0.20403049839660525,
        "powerflow_computation": 0.09389270516112447,
        "total": 0.6275447006337345
    },
    "total": 1.0403005999978632
}