{
    "Agent": {
        "total": 0.027785001089796424
    },
    "Env": {
        "apply_act": 0.05910859978757799,
        "observation_computation": 0.03379629994742572,
        "powerflow_computation": 0.01745070074684918,
        "total": 0.11035560048185289
    },
    "total": 0.16428580018691719
}