{
    "Agent": {
        "total": 0.06051083300394566
    },
    "Env": {
        "apply_act": 0.7607322499959537,
        "observation_computation": 0.5611042769971846,
        "powerflow_computation": 0.31701556700090805,
        "total": 1.6388520939940463
    },
    "total": 2.2028924310000093
}