{
    "Agent": {
        "total": 0.22385309939272702
    },
    "Env": {
        "apply_act": 0.2548265017103404,
        "observation_computation": 0.17091039661318064,
        "powerflow_computation": 0.09728439804166555,
        "total": 0.5230212963651866
    },
    "total": 0.8950607001315802
}