{
    "Agent": {
        "total": 0.4978339960798621
    },
    "Env": {
        "apply_act": 0.6804924991447479,
        "observation_computation": 0.41773039544932544,
        "powerflow_computation": 0.20388829987496138,
        "total": 1.3021111944690347
    },
    "total": 2.1562872999347746
}