{
    "Agent": {
        "total": 0.3801919010002166
    },
    "Env": {
        "apply_act": 0.4061758976895362,
        "observation_computation": 0.23334939987398684,
        "powerflow_computation": 0.1168529000133276,
        "total": 0.7563781975768507
    },
    "total": 1.3204449999611825
}