{
    "Agent": {
        "total": 1.0386645020917058
    },
    "Env": {
        "apply_act": 0.827069298364222,
        "observation_computation": 0.4585854022298008,
        "powerflow_computation": 0.22797559993341565,
        "total": 1.5136303005274385
    },
    "total": 2.9072250998578966
}