{
    "Agent": {
        "total": 0.3798243962228298
    },
    "Env": {
        "apply_act": 0.6241409997455776,
        "observation_computation": 0.3505281007383019,
        "powerflow_computation": 0.1760746028739959,
        "total": 1.1507437033578753
    },
    "total": 1.7972205998376012
}