{
    "Agent": {
        "total": 0.1962336041033268
    },
    "Env": {
        "apply_act": 0.22932199854403734,
        "observation_computation": 0.155324598075822,
        "powerflow_computation": 0.08726970129646361,
        "total": 0.47191629791632295
    },
    "total": 0.8028162999544293
}