{
    "Agent": {
        "total": 0.3226571986451745
    },
    "Env": {
        "apply_act": 0.3689528957474977,
        "observation_computation": 0.25003970181569457,
        "powerflow_computation": 0.14190929709002376,
        "total": 0.760901894653216
    },
    "total": 1.3006837000139058
}