{
    "Agent": {
        "total": 0.0002265950001856254
    },
    "Env": {
        "apply_act": 0.008520875000158412,
        "observation_computation": 0.004252460999850882,
        "powerflow_computation": 0.0027523800001745258,
        "total": 0.01552571600018382
    },
    "total": 0.020581442000093375
}