{
    "Agent": {
        "total": 0.0024348997976630926
    },
    "Env": {
        "apply_act": 0.005749100120738149,
        "observation_computation": 0.003023299854248762,
        "powerflow_computation": 0.003391900099813938,
        "total": 0.012164300074800849
    },
    "total": 0.017170700011774898
}