{
    "Agent": {
        "total": 0.03142986300372286
    },
    "Env": {
        "apply_act": 0.3475070200013306,
        "observation_computation": 0.26194586000360687,
        "powerflow_computation": 0.13612774799821636,
        "total": 0.7455806280031538
    },
    "total": 1.0074398869999186
}