{
    "Agent": {
        "total": 7.616800007781421e-05
    },
    "Env": {
        "apply_act": 0.002111812000066493,
        "observation_computation": 0.0007002810000358295,
        "powerflow_computation": 0.0010375949998433498,
        "total": 0.0038496879999456723
    },
    "total": 0.005163220000213187
}