{
    "Agent": {
        "total": 0.5847219065763056
    },
    "Env": {
        "apply_act": 0.618216899689287,
        "observation_computation": 0.35405099974013865,
        "powerflow_computation": 0.17588210105895996,
        "total": 1.1481500004883856
    },
    "total": 2.0147267000284046
}