{
    "Agent": {
        "total": 0.4214656027033925
    },
    "Env": {
        "apply_act": 0.49624889669939876,
        "observation_computation": 0.3358893017284572,
        "powerflow_computation": 0.19092740141786635,
        "total": 1.0230655998457223
    },
    "total": 1.7351341999601573
}