{
    "Agent": {
        "total": 8.766800010562292e-05
    },
    "Env": {
        "apply_act": 0.0029603030002363084,
        "observation_computation": 0.0009641330000249582,
        "powerflow_computation": 0.0008986420000383077,
        "total": 0.004823078000299574
    },
    "total": 0.007579415000009249
}