{
    "Agent": {
        "total": 0.02101609925739467
    },
    "Env": {
        "apply_act": 0.05222279904410243,
        "observation_computation": 0.02880850061774254,
        "powerflow_computation": 0.015321500832214952,
        "total": 0.09635280049405992
    },
    "total": 0.13930349983274937
}