{
    "Agent": {
        "total": 0.00013473900025928742
    },
    "Env": {
        "apply_act": 0.0041467849996479345,
        "observation_computation": 0.0018273299999691517,
        "powerflow_computation": 0.0017495350000444887,
        "total": 0.007723649999661575
    },
    "total": 0.009969643999966138
}