{
    "Agent": {
        "total": 0.00019675399994412146
    },
    "Env": {
        "apply_act": 0.007394696999881489,
        "observation_computation": 0.003694950000181052,
        "powerflow_computation": 0.0030369840001185366,
        "total": 0.014126631000181078
    },
    "total": 0.018256111000027886
}