{
    "Agent": {
        "total": 0.0001514929997483705
    },
    "Env": {
        "apply_act": 0.007074154000065391,
        "observation_computation": 0.002115044999982274,
        "powerflow_computation": 0.0020711500003471883,
        "total": 0.011260349000394854
    },
    "total": 0.01384040399989317
}