{
    "Agent": {
        "total": 0.497934298356995
    },
    "Env": {
        "apply_act": 0.4055689014494419,
        "observation_computation": 0.22801420441828668,
        "powerflow_computation": 0.11122870142571628,
        "total": 0.7448118072934449
    },
    "total": 1.4171225999016315
}