{
    "Agent": {
        "total": 9.653099982642743e-05
    },
    "Env": {
        "apply_act": 0.0036587729998700524,
        "observation_computation": 0.0009221660000093834,
        "powerflow_computation": 0.0013995120000345196,
        "total": 0.0059804509999139555
    },
    "total": 0.007987275000004956
}