{
    "Agent": {
        "total": 0.17731119669042528
    },
    "Env": {
        "apply_act": 0.2938750998582691,
        "observation_computation": 0.16722299670800567,
        "powerflow_computation": 0.08230730146169662,
        "total": 0.5434053980279714
    },
    "total": 0.8452473001088947
}