{
    "Agent": {
        "total": 0.0001448399998480454
    },
    "Env": {
        "apply_act": 0.005185920000030819,
        "observation_computation": 0.0022219999998469575,
        "powerflow_computation": 0.0016850229999363364,
        "total": 0.009092942999814113
    },
    "total": 0.012072511000042141
}