{
    "Agent": {
        "total": 0.04956782099816337
    },
    "Env": {
        "apply_act": 0.5675884450045032,
        "observation_computation": 0.42489885200484423,
        "powerflow_computation": 0.22342607300493,
        "total": 1.2159133700142775
    },
    "total": 1.6349960899999587
}