{
    "Agent": {
        "total": 0.020762500585988164
    },
    "Env": {
        "apply_act": 0.05142939952202141,
        "observation_computation": 0.028682198142632842,
        "powerflow_computation": 0.014784800820052624,
        "total": 0.09489639848470688
    },
    "total": 0.13804299989715219
}