{
    "Agent": {
        "total": 0.14513999945484102
    },
    "Env": {
        "apply_act": 0.3386859972961247,
        "observation_computation": 0.19521459913812578,
        "powerflow_computation": 0.09541089995764196,
        "total": 0.6293114963918924
    },
    "total": 0.9223772999830544
}