{
    "Agent": {
        "total": 0.04294139599983282
    },
    "Env": {
        "apply_act": 0.505471099997294,
        "observation_computation": 0.3672942090020115,
        "powerflow_computation": 0.20759215899965966,
        "total": 1.0803574679989651
    },
    "total": 1.4567468800000825
}