{
    "Agent": {
        "total": 0.2899655003566295
    },
    "Env": {
        "apply_act": 0.34985090396367013,
        "observation_computation": 0.23750059586018324,
        "powerflow_computation": 0.1346672000363469,
        "total": 0.7220186998602003
    },
    "total": 1.2174115998204798
}