{
    "Agent": {
        "total": 0.2928610001690686
    },
    "Env": {
        "apply_act": 0.4483188991434872,
        "observation_computation": 0.28919069468975067,
        "powerflow_computation": 0.1252190035302192,
        "total": 0.8627285973634571
    },
    "total": 1.3912994000129402
}