{
    "Agent": {
        "total": 0.8834657038096339
    },
    "Env": {
        "apply_act": 0.9387735037598759,
        "observation_computation": 0.5354047038126737,
        "powerflow_computation": 0.2666821996681392,
        "total": 1.7408604072406888
    },
    "total": 3.044735200004652
}