{
    "Agent": {
        "total": 0.03743889997713268
    },
    "Env": {
        "apply_act": 0.07758880010806024,
        "observation_computation": 0.04292010236531496,
        "powerflow_computation": 0.023036998929455876,
        "total": 0.14354590140283108
    },
    "total": 0.21475980011746287
}