{
    "Agent": {
        "total": 0.6030496994499117
    },
    "Env": {
        "apply_act": 0.4682145982515067,
        "observation_computation": 0.2631956010591239,
        "powerflow_computation": 0.1299936028663069,
        "total": 0.8614038021769375
    },
    "total": 1.6662328999955207
}