{
    "Agent": {
        "total": 0.21020399895496666
    },
    "Env": {
        "apply_act": 0.3063734972383827,
        "observation_computation": 0.1805035995785147,
        "powerflow_computation": 0.08935419982299209,
        "total": 0.5762312966398895
    },
    "total": 0.9364205999299884
}