{
    "Agent": {
        "total": 8.23060001948761e-05
    },
    "Env": {
        "apply_act": 0.002082288000110566,
        "observation_computation": 0.0006932910000614356,
        "powerflow_computation": 0.0006447759999446134,
        "total": 0.003420355000116615
    },
    "total": 0.0047316940001564944
}