{
    "Agent": {
        "total": 4.2806999999811524e-05
    },
    "Env": {
        "apply_act": 0.0011011890001100255,
        "observation_computation": 0.0,
        "powerflow_computation": 0.00021330499998839514,
        "total": 0.0013144940000984207
    },
    "total": 0.0022882179998759966
}