{
    "Agent": {
        "total": 0.027197732001468466
    },
    "Env": {
        "apply_act": 0.3394782319992373,
        "observation_computation": 0.24326837500029797,
        "powerflow_computation": 0.13923336599964387,
        "total": 0.7219799729991792
    },
    "total": 0.9697684870000103
}