{
    "Agent": {
        "total": 0.38889569556340575
    },
    "Env": {
        "apply_act": 0.6268517058342695,
        "observation_computation": 0.35316229960881174,
        "powerflow_computation": 0.1781032052822411,
        "total": 1.1581172107253224
    },
    "total": 1.813063400099054
}