{
    "Agent": {
        "total": 0.3937329968903214
    },
    "Env": {
        "apply_act": 0.45235830056481063,
        "observation_computation": 0.31535129621624947,
        "powerflow_computation": 0.17413089820183814,
        "total": 0.9418404949828982
    },
    "total": 1.6021032000426203
}