{
    "Agent": {
        "total": 0.19565560133196414
    },
    "Env": {
        "apply_act": 0.31636749976314604,
        "observation_computation": 0.19244199548847973,
        "powerflow_computation": 0.09029910154640675,
        "total": 0.5991085967980325
    },
    "total": 0.9319996999111027
}