{
    "Agent": {
        "total": 0.046765784998797244
    },
    "Env": {
        "apply_act": 0.6089277360042615,
        "observation_computation": 0.44192557399742327,
        "powerflow_computation": 0.2499461929996869,
        "total": 1.3007995030013717
    },
    "total": 1.7445630079998864
}