{
    "Agent": {
        "total": 0.19605800043791533
    },
    "Env": {
        "apply_act": 0.3182038995437324,
        "observation_computation": 0.17997790034860373,
        "powerflow_computation": 0.09029310080222785,
        "total": 0.588474900694564
    },
    "total": 0.9223899999633431
}