{
    "Agent": {
        "total": 0.07795115500266547
    },
    "Env": {
        "apply_act": 0.9511427999989337,
        "observation_computation": 0.6955170070002623,
        "powerflow_computation": 0.3869112159989072,
        "total": 2.033571022998103
    },
    "total": 2.7386508560000493
}