{
    "Agent": {
        "total": 0.06095232099914938
    },
    "Env": {
        "apply_act": 0.7567474510030934,
        "observation_computation": 0.5799116249997951,
        "powerflow_computation": 0.2981673340027555,
        "total": 1.634826410005644
    },
    "total": 2.2105144449999443
}