{
    "Agent": {
        "total": 1.0788784006144851
    },
    "Env": {
        "apply_act": 0.8065306053031236,
        "observation_computation": 0.4541698999237269,
        "powerflow_computation": 0.22486870386637747,
        "total": 1.485569209093228
    },
    "total": 2.916480700019747
}