{
    "Agent": {
        "total": 0.25355990254320204
    },
    "Env": {
        "apply_act": 0.5581029993481934,
        "observation_computation": 0.3256918010301888,
        "powerflow_computation": 0.16146029834635556,
        "total": 1.0452550987247378
    },
    "total": 1.5456417000386864
}