{
    "Agent": {
        "total": 0.03182273800121038
    },
    "Env": {
        "apply_act": 0.37006230199813217,
        "observation_computation": 0.2850956000015685,
        "powerflow_computation": 0.14904930900070212,
        "total": 0.8042072110004028
    },
    "total": 1.090601633999995
}