{
    "Agent": {
        "total": 0.39135826300275767
    },
    "Env": {
        "apply_act": 5.1908896030047345,
        "observation_computation": 3.7954873799976667,
        "powerflow_computation": 3.0857216830038396,
        "total": 12.07209866600624
    },
    "total": 15.830240279000009
}