{
    "Agent": {
        "total": 0.042123218999904566
    },
    "Env": {
        "apply_act": 0.5417127960022299,
        "observation_computation": 0.4181396259991743,
        "powerflow_computation": 0.2245959219985707,
        "total": 1.184448343999975
    },
    "total": 1.592701519000002
}