{
    "Agent": {
        "total": 0.7441542954184115
    },
    "Env": {
        "apply_act": 0.7941903974860907,
        "observation_computation": 0.4604006006848067,
        "powerflow_computation": 0.22988420026376843,
        "total": 1.4844751984346658
    },
    "total": 2.593437100062147
}