{
    "Agent": {
        "total": 0.3534984001889825
    },
    "Env": {
        "apply_act": 0.8332921003457159,
        "observation_computation": 0.47674699896015227,
        "powerflow_computation": 0.2391794011928141,
        "total": 1.5492185004986823
    },
    "total": 2.261217499850318
}