{
    "Agent": {
        "total": 0.8774597966112196
    },
    "Env": {
        "apply_act": 0.6602921027224511,
        "observation_computation": 0.37109349854290485,
        "powerflow_computation": 0.18502389965578914,
        "total": 1.216409500921145
    },
    "total": 2.3791442001238465
}