{
    "Agent": {
        "total": 0.028407323998635547
    },
    "Env": {
        "apply_act": 0.3277563239992105,
        "observation_computation": 0.23795376599832707,
        "powerflow_computation": 0.1329556190034964,
        "total": 0.698665709001034
    },
    "total": 0.943547542000033
}