{
    "Agent": {
        "total": 0.34107550024054945
    },
    "Env": {
        "apply_act": 0.7789820986799896,
        "observation_computation": 0.4478786939289421,
        "powerflow_computation": 0.21983169810846448,
        "total": 1.4466924907173961
    },
    "total": 2.125626399880275
}