{
    "Agent": {
        "total": 0.24364109709858894
    },
    "Env": {
        "apply_act": 0.6030784046743065,
        "observation_computation": 0.3456446025520563,
        "powerflow_computation": 0.17256940272636712,
        "total": 1.12129240995273
    },
    "total": 1.6270882999524474
}