{
    "Agent": {
        "total": 0.2213239020202309
    },
    "Env": {
        "apply_act": 0.31729829777032137,
        "observation_computation": 0.19527849950827658,
        "powerflow_computation": 0.09023839747533202,
        "total": 0.60281519475393
    },
    "total": 0.9841922000050545
}