{
    "Agent": {
        "total": 0.01282159867696464
    },
    "Env": {
        "apply_act": 0.030359101248905063,
        "observation_computation": 0.017321499763056636,
        "powerflow_computation": 0.012227198341861367,
        "total": 0.059907799353823066
    },
    "total": 0.08526659989729524
}