{
    "Agent": {
        "total": 0.00010144800012312771
    },
    "Env": {
        "apply_act": 0.0032126000000971544,
        "observation_computation": 0.001224954000008438,
        "powerflow_computation": 0.0013253390002319065,
        "total": 0.005762893000337499
    },
    "total": 0.007547437000084756
}