{
    "Agent": {
        "total": 0.00013942999999017047
    },
    "Env": {
        "apply_act": 0.005421157999535353,
        "observation_computation": 0.001758655000003273,
        "powerflow_computation": 0.001718896999818753,
        "total": 0.00889870999935738
    },
    "total": 0.011695085000155814
}