{
    "Agent": {
        "total": 0.00016659800030538463
    },
    "Env": {
        "apply_act": 0.005411739999999554,
        "observation_computation": 0.002308750000111104,
        "powerflow_computation": 0.002032243000030576,
        "total": 0.009752733000141234
    },
    "total": 0.01279915599980086
}