{
    "Agent": {
        "total": 1.7301926978398114
    },
    "Env": {
        "apply_act": 0.5803980014752597,
        "observation_computation": 0.3389190973248333,
        "powerflow_computation": 0.16276599979028106,
        "total": 1.082083098590374
    },
    "total": 3.102176900021732
}