{
    "Agent": {
        "total": 0.5437973975203931
    },
    "Env": {
        "apply_act": 0.4324505999684334,
        "observation_computation": 0.24123990023508668,
        "powerflow_computation": 0.11950419889762998,
        "total": 0.79319469910115
    },
    "total": 1.5227451999671757
}