{
    "Agent": {
        "total": 0.3231093995273113
    },
    "Env": {
        "apply_act": 0.5061363975983113,
        "observation_computation": 0.28174789994955063,
        "powerflow_computation": 0.14272860391065478,
        "total": 0.9306129014585167
    },
    "total": 1.4704889000859112
}