{
    "Agent": {
        "total": 0.5329239030834287
    },
    "Env": {
        "apply_act": 0.42506079911254346,
        "observation_computation": 0.23612009710632265,
        "powerflow_computation": 0.11639390140771866,
        "total": 0.7775747976265848
    },
    "total": 1.4923215000890195
}