{
    "Agent": {
        "total": 0.027307499200105667
    },
    "Env": {
        "apply_act": 0.06232959986664355,
        "observation_computation": 0.03448999882675707,
        "powerflow_computation": 0.01775219989940524,
        "total": 0.11457179859280586
    },
    "total": 0.16812930000014603
}