{
    "Agent": {
        "total": 0.30176989967003465
    },
    "Env": {
        "apply_act": 0.3610293969977647,
        "observation_computation": 0.24711609398946166,
        "powerflow_computation": 0.1373029020614922,
        "total": 0.7454483930487186
    },
    "total": 1.2584333000704646
}