{
    "Agent": {
        "total": 0.3924320007208735
    },
    "Env": {
        "apply_act": 0.597838900052011,
        "observation_computation": 0.366688400041312,
        "powerflow_computation": 0.17193659977056086,
        "total": 1.1364638998638839
    },
    "total": 1.8297417000867426
}