{
    "Agent": {
        "total": 0.022288700100034475
    },
    "Env": {
        "apply_act": 0.05542300036177039,
        "observation_computation": 0.031095000449568033,
        "powerflow_computation": 0.016014400171115994,
        "total": 0.10253240098245442
    },
    "total": 0.14873769995756447
}