{
    "Agent": {
        "total": 0.11978292400249302
    },
    "Env": {
        "apply_act": 1.4635740360013187,
        "observation_computation": 1.110462211997401,
        "powerflow_computation": 0.5819202089992359,
        "total": 3.1559564569979557
    },
    "total": 4.243419847000041
}