{
    "Agent": {
        "total": 0.20249759848229587
    },
    "Env": {
        "apply_act": 0.3061446996871382,
        "observation_computation": 0.2447982025332749,
        "powerflow_computation": 0.08635499863885343,
        "total": 0.6372979008592665
    },
    "total": 0.9983653000090271
}