{
    "Agent": {
        "total": 0.33110409951768816
    },
    "Env": {
        "apply_act": 0.5077566988766193,
        "observation_computation": 0.29179510241374373,
        "powerflow_computation": 0.1428810975048691,
        "total": 0.9424328987952322
    },
    "total": 1.4962170000653714
}