{
    "Agent": {
        "total": 0.2319005043245852
    },
    "Env": {
        "apply_act": 0.5257654993329197,
        "observation_computation": 0.29891390330158174,
        "powerflow_computation": 0.14982139668427408,
        "total": 0.9745007993187755
    },
    "total": 1.4331316999159753
}