{
    "Agent": {
        "total": 0.020328399259597063
    },
    "Env": {
        "apply_act": 0.05016290117055178,
        "observation_computation": 0.028673201566562057,
        "powerflow_computation": 0.014340200694277883,
        "total": 0.09317630343139172
    },
    "total": 0.13514719996601343
}