{
    "Agent": {
        "total": 0.13750390242785215
    },
    "Env": {
        "apply_act": 0.3353558019734919,
        "observation_computation": 0.19515060051344335,
        "powerflow_computation": 0.09434300055727363,
        "total": 0.6248494030442089
    },
    "total": 0.9097221000120044
}