{
    "Agent": {
        "total": 0.6152523062191904
    },
    "Env": {
        "apply_act": 0.6380433964077383,
        "observation_computation": 0.36645490769296885,
        "powerflow_computation": 0.18154159933328629,
        "total": 1.1860399034339935
    },
    "total": 2.089684900129214
}