{
    "Agent": {
        "total": 8.102799984044395e-05
    },
    "Env": {
        "apply_act": 0.0020467649997044646,
        "observation_computation": 0.0009553840000080527,
        "powerflow_computation": 0.0006082410000090022,
        "total": 0.0036103899997215194
    },
    "total": 0.004932829999916066
}