{
    "Agent": {
        "total": 0.19012139877304435
    },
    "Env": {
        "apply_act": 0.30590270133689046,
        "observation_computation": 0.17198600131087005,
        "powerflow_computation": 0.0868715993128717,
        "total": 0.5647603019606322
    },
    "total": 0.8843979998491704
}