{
    "Agent": {
        "total": 0.2597315972670913
    },
    "Env": {
        "apply_act": 0.4145877992268652,
        "observation_computation": 0.2563876963686198,
        "powerflow_computation": 0.11483689793385565,
        "total": 0.7858123935293406
    },
    "total": 1.2498872999567538
}