{
    "Agent": {
        "total": 0.00017620199969314854
    },
    "Env": {
        "apply_act": 0.010379247999935615,
        "observation_computation": 0.00237958699972296,
        "powerflow_computation": 0.002009868000186543,
        "total": 0.014768702999845118
    },
    "total": 0.017473160999998072
}