{
    "Agent": {
        "total": 0.13128369441255927
    },
    "Env": {
        "apply_act": 0.33364139776676893,
        "observation_computation": 0.20042329956777394,
        "powerflow_computation": 0.09357370506040752,
        "total": 0.6276384023949504
    },
    "total": 0.9022039000410587
}