{
    "Agent": {
        "total": 0.00023525000005975016
    },
    "Env": {
        "apply_act": 0.009482995000098526,
        "observation_computation": 0.004552270999965913,
        "powerflow_computation": 0.003573447000235319,
        "total": 0.01760871300029976
    },
    "total": 0.022085115999971094
}