{
    "Agent": {
        "total": 0.6091515987645835
    },
    "Env": {
        "apply_act": 0.6500696996226907,
        "observation_computation": 0.3702082955278456,
        "powerflow_computation": 0.18470509606413543,
        "total": 1.2049830912146717
    },
    "total": 2.1083579999394715
}