{
    "Agent": {
        "total": 0.27911720098927617
    },
    "Env": {
        "apply_act": 0.4532085021492094,
        "observation_computation": 0.2544884018134326,
        "powerflow_computation": 0.12796270730905235,
        "total": 0.8356596112716943
    },
    "total": 1.309849200071767
}