{
    "Agent": {
        "total": 0.10256828599972323
    },
    "Env": {
        "apply_act": 1.3243195609941267,
        "observation_computation": 0.9691082479992019,
        "powerflow_computation": 0.5344033179978851,
        "total": 2.8278311269912138
    },
    "total": 3.8182957669998814
}